Nombre,usuario,locacion,followers Twitter,fecha tweet,id tweet,contenido,menciones,hashtags,likes,veces compartido
Guillermo Lasso,LassoGuillermo,,624171,Sat Dec 19 23:40:58 +0000 2020,1340442029730500609,b'\xc2\xa1GRACIAS LOJA!\n\nLa alegr\xc3\xada por la llegada del CAMBIO se sinti\xc3\xb3 en las calles de Loja en la caravana de hoy. La alia\xe2\x80\xa6 https://t.co/bJmuO4CaJJ',,,381,108
Guillermo Lasso,LassoGuillermo,,624171,Sat Dec 19 21:25:05 +0000 2020,1340407830625579008,"b'Con @guido_chiriboga , tenemos la #CapacidadParaCambiar en el Distrito 3 de Guayas \xf0\x9f\x87\xaa\xf0\x9f\x87\xa8.\n\n\xc2\xa1El 2021 es el a\xc3\xb1o de\xe2\x80\xa6 https://t.co/DFRM3bAijK'",guido_chiriboga,CapacidadParaCambiar,222,91
Guillermo Lasso,LassoGuillermo,,624171,Sat Dec 19 19:15:25 +0000 2020,1340375198768480256,b'\xc2\xbfCu\xc3\xa1les son nuestras propuestas para el CAMBIO en Loja? \n- Trabajar en la carretera Loja-Catamayo \n- Impulsar proye\xe2\x80\xa6 https://t.co/KWPs6ybX7v',,,349,115
Guillermo Lasso,LassoGuillermo,,624171,Sat Dec 19 19:12:49 +0000 2020,1340374548303241217,b'Hoy estuvimos en rueda de prensa con los candidatos a la Asamblea Nacional de @CREOEcuador y @La6Ecuador en Loja. E\xe2\x80\xa6 https://t.co/4Tt0JaRvxr',CREOEcuador,,291,103
Guillermo Lasso,LassoGuillermo,,624171,Sat Dec 19 16:43:55 +0000 2020,1340337076412305408,b'\xc2\xa1Loja nos recibe con alegr\xc3\xada y emoci\xc3\xb3n!\n\nEL CAMBIO ES IMPARABLE \xf0\x9f\x87\xaa\xf0\x9f\x87\xa8. #CapacidadParaCambiar https://t.co/T0UwjWtqQO',,CapacidadParaCambiar,366,114
Guillermo Lasso,LassoGuillermo,,624171,Sat Dec 19 15:29:40 +0000 2020,1340318388531458048,"b'Con seguridad ciudadana, atraeremos inversi\xc3\xb3n y crearemos empleo para todos en Ecuador \xf0\x9f\x87\xaa\xf0\x9f\x87\xa8. #CapacidadParaCambiar'",,CapacidadParaCambiar,617,143
Guillermo Lasso,LassoGuillermo,,624171,Sat Dec 19 01:30:37 +0000 2020,1340107236530659332,b'No hay mejor punto de apoyo que la capacidad de amar de la familia ecuatoriana. Quisiera preguntarles:  \xc2\xbfQui\xc3\xa9n es s\xe2\x80\xa6 https://t.co/KZV4uBCKsL',,,324,123
Guillermo Lasso,LassoGuillermo,,624171,Sat Dec 19 00:44:32 +0000 2020,1340095637224902658,"b'Junto a @guido_chiriboga y todos los candidatos a la Asamblea Nacional por el Distrito 3 en Guayas, traeremos prosp\xe2\x80\xa6 https://t.co/IeILrdq1g1'",guido_chiriboga,,296,104
Guillermo Lasso,LassoGuillermo,,624171,Fri Dec 18 20:17:47 +0000 2020,1340028507380981760,b'@andrestacle \xc2\xa1Gracias por tus palabras! \xf0\x9f\x92\xaa\xf0\x9f\x8f\xbc.',andrestacle,,1,0
Guillermo Lasso,LassoGuillermo,,624171,Fri Dec 18 20:08:51 +0000 2020,1340026260890775553,b'Las ciudades en todo el pa\xc3\xads atraviesan numerosos problemas que necesitan atenci\xc3\xb3n inmediata. Hoy nos reunimos con\xe2\x80\xa6 https://t.co/OrC2XRMK6C',,,313,125
Guillermo Lasso,LassoGuillermo,,624171,Fri Dec 18 19:09:57 +0000 2020,1340011435758415874,b'Los ecuatorianos en el exterior merecen un gobierno que los respalde. #D\xc3\xadaInternacionalDelMigrante\xe2\x80\xa6 https://t.co/KjsPRjUss4',,DíaInternacionalDelMigrante,256,111
Guillermo Lasso,LassoGuillermo,,624171,Fri Dec 18 16:38:47 +0000 2020,1339973394356457472,"b'Se siente la ola de CAMBIO que se viene el 7 de febrero de 2021, una con la #CapacidadParaCambiar este pa\xc3\xads al que\xe2\x80\xa6 https://t.co/4i2xUNn1fC'",,CapacidadParaCambiar,412,134
Guillermo Lasso,LassoGuillermo,,624171,Fri Dec 18 16:34:24 +0000 2020,1339972291434852352,"b'Por nuestros hermanos en el exterior y sus familias en Ecuador: VAMOS A BAJAR EL COSTO DE ENV\xc3\x8dO DE REMESAS AHORA, n\xe2\x80\xa6 https://t.co/pxQMJQsMAN'",,,363,132
Guillermo Lasso,LassoGuillermo,,624171,Fri Dec 18 16:28:54 +0000 2020,1339970907192889345,b'- Crear un fondo para financiar emprendimientos de migrantes y una bolsa de empleo nacional EXCLUSIVA para ecuatori\xe2\x80\xa6 https://t.co/GSRl99lJ8f',,,151,69
Guillermo Lasso,LassoGuillermo,,624171,Fri Dec 18 16:28:53 +0000 2020,1339970904739221505,b'\xc2\xbfQu\xc3\xa9 proponemos? \n- Mejorar y automatizar todos los procesos y tr\xc3\xa1mites consulares\n- Cumplir el pago a los becarios\xe2\x80\xa6 https://t.co/6In10QVam7',,,285,106
Guillermo Lasso,LassoGuillermo,,624171,Fri Dec 18 16:25:23 +0000 2020,1339970023822114816,"b'Nuestros hermanos hicieron un sacrificio al irse del Ecuador. Sin embargo, los corruptos roban, el desempleo es ram\xe2\x80\xa6 https://t.co/KvWgQqDpOY'",,,735,186
Guillermo Lasso,LassoGuillermo,,624171,Fri Dec 18 16:22:51 +0000 2020,1339969385381982208,"b'En el D\xc3\xada Internacional del Migrante, recordemos esta cifra: las remesas enviadas por los ecuatorianos en el exteri\xe2\x80\xa6 https://t.co/ocbrN2Iw0O'",,,219,96
Guillermo Lasso,LassoGuillermo,,624171,Fri Dec 18 16:01:27 +0000 2020,1339964000927412229,"b'\xc2\xa1Estamos EN VIVO! Los espero en el evento donde compartiremos nuestros planes, programas y proyectos para la prospe\xe2\x80\xa6 https://t.co/6rWVoFB04F'",,,125,68
Guillermo Lasso,LassoGuillermo,,624171,Fri Dec 18 15:31:10 +0000 2020,1339956377217888256,b'@MarcoCastilloEC \xc2\xa1Gracias! Un abrazo.',MarcoCastilloEC,,2,1
Guillermo Lasso,LassoGuillermo,,624171,Fri Dec 18 15:29:29 +0000 2020,1339955954218135552,"b'@vecinaquerida Espero que hayas disfrutado el video, un abrazo.'",vecinaquerida,,1,0
Guillermo Lasso,LassoGuillermo,,624171,Fri Dec 18 15:29:02 +0000 2020,1339955840342781964,b'@EReinosoN \xc2\xa1Gracias! \xf0\x9f\x99\x8f\xf0\x9f\x8f\xbc.',EReinosoN,,1,0
Guillermo Lasso,LassoGuillermo,,624171,Fri Dec 18 15:28:31 +0000 2020,1339955711422439426,b'@LeoStagg Un mensaje que todos necesitamos en estos duros momentos. \xc2\xa1Gracias por tus palabras!',LeoStagg,,28,4
Guillermo Lasso,LassoGuillermo,,624171,Fri Dec 18 15:24:58 +0000 2020,1339954817805004803,b'@Heidygutierrezc \xc2\xa1Muchas gracias! \xf0\x9f\x99\x8c\xf0\x9f\x8f\xbc.',Heidygutierrezc,,0,0
Guillermo Lasso,LassoGuillermo,,624171,Fri Dec 18 15:24:37 +0000 2020,1339954729779154946,b'@hromeronogales La familia es el soporte en los momentos m\xc3\xa1s dif\xc3\xadciles. Te agradezco por tu mensaje.',hromeronogales,,1,0
Guillermo Lasso,LassoGuillermo,,624171,Fri Dec 18 15:23:06 +0000 2020,1339954347384422401,b'@diegomelorib Necesitamos esperanza en estas festividades y estar m\xc3\xa1s unidos que nunca.',diegomelorib,,2,1
Alvaro Noboa,AbAlvaroNoboa,"Guayaquil, Ecuador",18632,Tue Dec 15 01:35:53 +0000 2020,1338659011156119553,b'\xc3\x81lvaro Noboa al pa\xc3\xads.\n\nhttps://t.co/Kp2vVHOvVV',,,439,242
Alvaro Noboa,AbAlvaroNoboa,"Guayaquil, Ecuador",18632,Sat Dec 12 10:49:39 +0000 2020,1337711203410440192,"b'Con Dios. Ecuatorianos\nNuestra prioridad es darle empleo, alimentos y salud al 100% de los ecuatorianos, eso es lo\xe2\x80\xa6 https://t.co/lTUK75VvJf'",,,1807,363
Alvaro Noboa,AbAlvaroNoboa,"Guayaquil, Ecuador",18632,Sat Dec 12 03:42:23 +0000 2020,1337603681559175168,"b'Gracias a todos los ecuatorianos que est\xc3\xa1n vigilantes a las afuera del #CNE, en sus hogares y en todas las provinci\xe2\x80\xa6 https://t.co/UxZafzh2nE'",,CNE,756,256
Alvaro Noboa,AbAlvaroNoboa,"Guayaquil, Ecuador",18632,Fri Dec 11 16:32:53 +0000 2020,1337435194668814339,b'\xc2\xa1GRACIAS A LA UNI\xc3\x93N EUROPEA! \xf0\x9f\x87\xaa\xf0\x9f\x87\xba\n \nPor el respaldo y apoyo al #Ecuador durante estos dif\xc3\xadciles momentos que atravies\xe2\x80\xa6 https://t.co/2NzB8IpNTq',,Ecuador,592,230
Alvaro Noboa,AbAlvaroNoboa,"Guayaquil, Ecuador",18632,Thu Dec 10 02:22:56 +0000 2020,1336858908997115910,b'El Comit\xc3\xa9 de Derechos Humanos de las Naciones Unidas abre el caso contra Ecuador por violaci\xc3\xb3n de derechos pol\xc3\xadtico\xe2\x80\xa6 https://t.co/ssYG5WrOY5',,,495,229
Alvaro Noboa,AbAlvaroNoboa,"Guayaquil, Ecuador",18632,Wed Dec 09 23:18:01 +0000 2020,1336812375777882117,b'Informe al pa\xc3\xads sobre las encuestas de Radio Sucre del 09 de Diciembre 2020 https://t.co/WPUj6hK9wr',,,631,241
Alvaro Noboa,AbAlvaroNoboa,"Guayaquil, Ecuador",18632,Sun Dec 06 14:33:33 +0000 2020,1335593224262606848,"b'Desde el fondo de nuestros corazones\xf0\x9f\x92\x99\xe2\x9d\xa4\xef\xb8\x8f\xf0\x9f\x92\x99 junto a mi esposa, hijos y nietos les deseamos salud, progreso y prosperid\xe2\x80\xa6 https://t.co/VRZoYyriM3'",,,737,264
Alvaro Noboa,AbAlvaroNoboa,"Guayaquil, Ecuador",18632,Sun Dec 06 12:57:55 +0000 2020,1335569155765002240,b'Que hice durante los 10 a\xc3\xb1os del Corre\xc3\xadsmo? Me quede en Ecuador generando trabajo y pagando impuestos como el m\xc3\xa1s g\xe2\x80\xa6 https://t.co/eao2J0ZLSL',,,3502,445
Alvaro Noboa,AbAlvaroNoboa,"Guayaquil, Ecuador",18632,Sat Dec 05 17:47:49 +0000 2020,1335279727175757828,"b'Con Dios, se\xc3\xb1ores del CNE, se\xc3\xb1or Guillermo Lasso del Partido 21, se\xc3\xb1ores del Partido Social Cristiano, los \xc3\xbanicos q\xe2\x80\xa6 https://t.co/XHEFRfEVXz'",,,718,284
Alvaro Noboa,AbAlvaroNoboa,"Guayaquil, Ecuador",18632,Sat Dec 05 01:24:03 +0000 2020,1335032152346464257,"b'\xe2\x80\x9cMis queridos ecuatorianos, me he tomado las redes de mi esposo para darles este mensaje\xe2\x80\x9d.\nAnabella\xe2\x9d\xa4\xef\xb8\x8f https://t.co/MLFgxZwYD4'",,,1889,724
Alvaro Noboa,AbAlvaroNoboa,"Guayaquil, Ecuador",18632,Thu Dec 03 17:36:27 +0000 2020,1334552088328753154,"b'Ecuatorianos, con Dios.\nEscucha mi plan para generar trabajo para todos en el pa\xc3\xads.\nGracias ecuatorianos, gracias D\xe2\x80\xa6 https://t.co/EpzKRiRSVt'",,,826,371
Alvaro Noboa,AbAlvaroNoboa,"Guayaquil, Ecuador",18632,Wed Dec 02 16:14:45 +0000 2020,1334169140957999105,"b'Ecuatorianos, con Dios.\nLas elecciones del 07 de febrero del 2021, ser\xc3\xa1n declaradas nulas por la mayor\xc3\xada de los ecu\xe2\x80\xa6 https://t.co/Wfl7qACSJg'",,,811,581
Alvaro Noboa,AbAlvaroNoboa,"Guayaquil, Ecuador",18632,Wed Dec 02 00:03:24 +0000 2020,1333924694714703872,"b'Ecuatorianos; con Dios, quiero dejar aclarado, que yo s\xc3\xad he aceptado el pedido de los ecuatorianos de correr para p\xe2\x80\xa6 https://t.co/ldvxTFeqec'",,,722,480
Alvaro Noboa,AbAlvaroNoboa,"Guayaquil, Ecuador",18632,Tue Dec 01 21:28:36 +0000 2020,1333885734344863748,"b'Con Dios. Ecuatorianos,\nLa Cruzada Nueva Humanidad continuar\xc3\xa1 dando atenci\xc3\xb3n m\xc3\xa9dica gratuita y medicina gratuita en\xe2\x80\xa6 https://t.co/Bb9GRxJp4C'",,,529,426
Alvaro Noboa,AbAlvaroNoboa,"Guayaquil, Ecuador",18632,Tue Dec 01 15:46:15 +0000 2020,1333799581612576768,"b'... pero que ya no hay tiempo para poder registrarme como candidato, ser\xc3\xada un robo, no solo a m\xc3\xad, sino a m\xc3\xa1s del 52\xe2\x80\xa6 https://t.co/SEUu52I7Qh'",,,492,439
Alvaro Noboa,AbAlvaroNoboa,"Guayaquil, Ecuador",18632,Tue Dec 01 15:45:48 +0000 2020,1333799465623322629,b'Por eso ecuatorianos tienen que ustedes estar conscientes de que los culpables son los corruptos y que yo voy hacer\xe2\x80\xa6 https://t.co/NZDzZSyLfN',,,495,435
Alvaro Noboa,AbAlvaroNoboa,"Guayaquil, Ecuador",18632,Tue Dec 01 15:45:26 +0000 2020,1333799374829174784,"b'... , viendo todos los problemas de salud, de trabajo y de alimento que hay, lo hice porque los amo y acepte correr\xe2\x80\xa6 https://t.co/dlLmVBXYRo'",,,372,334
Alvaro Noboa,AbAlvaroNoboa,"Guayaquil, Ecuador",18632,Tue Dec 01 15:45:12 +0000 2020,1333799314762567680,"b'Con Dios\nEcuatorianos a pedido de m\xc3\xa1s del 52% de la poblaci\xc3\xb3n del Ecuador, resolv\xc3\xad correr para presidente de nuestr\xe2\x80\xa6 https://t.co/fmIKTjSEeO'",,,767,501
Alvaro Noboa,AbAlvaroNoboa,"Guayaquil, Ecuador",18632,Tue Dec 01 00:23:29 +0000 2020,1333567358565298180,b'\xc2\xa1NO DESCANSAREMOS! Hasta hacer respetar al #Ecuador\xf0\x9f\x87\xaa\xf0\x9f\x87\xa8 del abusivo atrevimiento del @cnegobec de no permitirnos la i\xe2\x80\xa6 https://t.co/12fNr2tMDq',cnegobec,Ecuador,833,492
Alvaro Noboa,AbAlvaroNoboa,"Guayaquil, Ecuador",18632,Sun Nov 22 03:48:24 +0000 2020,1330357437971509248,b'Gracias Ecuador!!! https://t.co/aKXQfR76WS',,,8400,373
Alvaro Noboa,AbAlvaroNoboa,"Guayaquil, Ecuador",18632,Fri Nov 20 18:59:08 +0000 2020,1329861853107933187,"b'Ecuatorianos, con Dios.\nYa estamos \xe2\x80\x9chasta las marimbas timbas\xe2\x80\x9d que violen nuestros derechos y que le roben a los po\xe2\x80\xa6 https://t.co/TOMv4WbhrM'",,,533,79
Alvaro Noboa,AbAlvaroNoboa,"Guayaquil, Ecuador",18632,Thu Nov 12 20:15:21 +0000 2020,1326981934375964677,"b'Por eso ecuatoriano, mantente firme, los alvaristas mant\xc3\xa9nganse alvaristas , yo me mantendr\xc3\xa9 en la lucha pero no no\xe2\x80\xa6 https://t.co/kFwgLOlSYB'",,,191,14
Alvaro Noboa,AbAlvaroNoboa,"Guayaquil, Ecuador",18632,Thu Nov 12 20:14:47 +0000 2020,1326981791606067200,"b'... para ver si de esa manera los forzan a los pobres a votar por la 6, a votar por la 21 o por otro candidato, cosa que no va a ocurrir.'",,,77,9
Alvaro Noboa,AbAlvaroNoboa,"Guayaquil, Ecuador",18632,Thu Nov 12 20:14:40 +0000 2020,1326981759381221377,"b'Ustedes los pobres \xc2\xbfqu\xc3\xa9 es lo que tienen? Una casa de ca\xc3\xb1a, un televisor y tienen lo m\xc3\xa1s valioso que puedan usar ca\xe2\x80\xa6 https://t.co/9AeywStLa9'",,,58,6
Alvaro Noboa,AbAlvaroNoboa,"Guayaquil, Ecuador",18632,Thu Nov 12 20:14:08 +0000 2020,1326981626363056131,b'De esto se da cuenta el se\xc3\xb1or Arauz y el se\xc3\xb1or Yaku y se han mantenido calladitos de ver el error tan gigante que h\xe2\x80\xa6 https://t.co/hvk3ajzxj7',,,17,2
Andrés Arauz,ecuarauz,Ecuador,55843,Sun Dec 20 13:21:29 +0000 2020,1340648519099662337,"b'RT @oxfam_es: En Ecuador\xf0\x9f\x87\xaa\xf0\x9f\x87\xa8 con todo el dinero que el Estado deja de percibir por beneficios tributarios a las empresas, se podr\xc3\xadan comprar\xe2\x80\xa6'",oxfam_es,,0,48
Andrés Arauz,ecuarauz,Ecuador,55843,Sun Dec 20 03:12:22 +0000 2020,1340495230383087616,"b'RT @petrogustavo: Pasa desapercibida por la prensa y los influencers superficiales, que uno de lo temas centrales propuestos por nosotros,\xe2\x80\xa6'",petrogustavo,,0,2215
Andrés Arauz,ecuarauz,Ecuador,55843,Sun Dec 20 03:11:36 +0000 2020,1340495037877149706,b'RT @adam_tooze: Brazil\xe2\x80\x99s 600 real per month aux\xc3\xadlio emergencial actually turned 2020 into a remarkably good year for poverty-reduction. Bra\xe2\x80\xa6',adam_tooze,,0,336
Andrés Arauz,ecuarauz,Ecuador,55843,Sun Dec 20 02:50:41 +0000 2020,1340489773010587651,b'EN VIVO | Les agradezco por los mensajes de solidaridad y apoyo. Estoy en aislamiento y a trav\xc3\xa9s de la tecnolog\xc3\xada q\xe2\x80\xa6 https://t.co/Bn02CXGNoI',,,1219,287
Andrés Arauz,ecuarauz,Ecuador,55843,Sun Dec 20 01:51:27 +0000 2020,1340474866009583616,"b'RT @amandapaezg: Asi es. Ni encerrarnos en redes sociales, ni irresponsable aglomeraci\xc3\xb3n que contagia el Covid. \xc2\xa1Brigada Militante de Corre\xe2\x80\xa6'",amandapaezg,,0,39
Andrés Arauz,ecuarauz,Ecuador,55843,Sun Dec 20 01:46:49 +0000 2020,1340473700882276353,"b'RT @amandapaezg: El puerta a puerta. Como hemos intentado que se haga, como nos esforzamos para este nuevo m\xc3\xa9todo covid safe y como su nomb\xe2\x80\xa6'",amandapaezg,,0,92
Andrés Arauz,ecuarauz,Ecuador,55843,Sat Dec 19 22:49:35 +0000 2020,1340429096413761539,"b'RT @petrogustavo: El progresista Andr\xc3\xa9s Arauz ganaria la presidencia de Ecuador, pero el r\xc3\xa9gimen de Ecuador planea suspender il\xc3\xadcitamente l\xe2\x80\xa6'",petrogustavo,,0,571
Andrés Arauz,ecuarauz,Ecuador,55843,Sat Dec 19 20:00:11 +0000 2020,1340386466124460033,"b'RT @Vsiley: El famoso lawfare no es solo para estigmatizar a los dirigentes populares, es para disciplinar a los politicos. Para que nadie\xe2\x80\xa6'",Vsiley,,0,398
Andrés Arauz,ecuarauz,Ecuador,55843,Sat Dec 19 18:35:34 +0000 2020,1340365171148140545,"b'\xc2\xbfRecuerdan este caso?\n\nEl procurador dijo que el Banco Interamericano no es banco. \n\nBueno, la Corte Constitucional\xe2\x80\xa6 https://t.co/v8N2Y4Dqcs'",,,1091,570
Andrés Arauz,ecuarauz,Ecuador,55843,Sat Dec 19 17:10:55 +0000 2020,1340343870006149121,"b'RT @moscosojoaquin: @ecuarauz YA ES PERSONALISIMA, EN ENERO SER\xc3\x81 PRESENCIAL.'",moscosojoaquin,,0,19
Andrés Arauz,ecuarauz,Ecuador,55843,Sat Dec 19 16:32:21 +0000 2020,1340334164634165251,"b'Les seguir\xc3\xa9 acompa\xc3\xb1ando por los medios digitales. Ahora podr\xc3\xa9 compartir m\xc3\xa1s con uds por https://t.co/sUI5ykyHDC, po\xe2\x80\xa6 https://t.co/9s3nuQSW3E'",,,1621,457
Andrés Arauz,ecuarauz,Ecuador,55843,Sat Dec 19 16:32:20 +0000 2020,1340334160913833985,"b'Para precautelar la salud de mi equipo y de todo el pueblo ecuatoriano, desde este instante me aislo. Mis compa\xc3\xb1ero\xe2\x80\xa6 https://t.co/MveSFslxJN'",,,1350,448
Andrés Arauz,ecuarauz,Ecuador,55843,Sat Dec 19 16:32:20 +0000 2020,1340334158640537600,b'Tengo la responsabilidad de comunicar al Ecuador que acabo de dar positivo en Covid en mi chequeo peri\xc3\xb3dico. Hasta\xe2\x80\xa6 https://t.co/Qm3nRHn2aV',,,3055,1067
Andrés Arauz,ecuarauz,Ecuador,55843,Fri Dec 18 22:09:05 +0000 2020,1340056518541135872,"b'Al igual que @MashiRafael, tu tambi\xc3\xa9n #UneteARecuperarElFuturo \nM\xc3\xa1s unidos que nunca para defender la victoria popu\xe2\x80\xa6 https://t.co/lFbBdbiySP'",MashiRafael,UneteARecuperarElFuturo,1225,719
Andrés Arauz,ecuarauz,Ecuador,55843,Fri Dec 18 20:43:25 +0000 2020,1340034960414171136,b'Gracias compa\xc3\xb1eros y compa\xc3\xb1eras por su respaldo a la democracia en el #Ecuador. https://t.co/V39Oq5i1Jq',,Ecuador,1242,531
Andrés Arauz,ecuarauz,Ecuador,55843,Fri Dec 18 13:45:25 +0000 2020,1339929765185269761,b'RT @jpjaramillo25: Cuando quieras @FcoBrionesR discutimos esto: \n\nPero te hago bien las cuentas. El plan es de $8.475 millones. \n\nDe esto s\xe2\x80\xa6',jpjaramillo25,,0,226
Andrés Arauz,ecuarauz,Ecuador,55843,Fri Dec 18 04:17:38 +0000 2020,1339786877759590401,b'@elnacionalec #ElNacional \xf0\x9f\x98\x84\xf0\x9f\x92\xaa\xf0\x9f\x8f\xbd',elnacionalec,ElNacional,173,15
Andrés Arauz,ecuarauz,Ecuador,55843,Fri Dec 18 03:55:04 +0000 2020,1339781200005763073,"b'Les damos nuestro respaldo y solidaridad, al igual que nuestro compromiso firme de apoyar al Azuay cuando seamos Go\xe2\x80\xa6 https://t.co/PVZkPjEUwQ'",,,1222,387
Andrés Arauz,ecuarauz,Ecuador,55843,Fri Dec 18 03:55:04 +0000 2020,1339781198411870208,b'El odio y la venganza deben ser erradicados de la pol\xc3\xadtica: lamentamos que Pachakutik haya amenazado expulsar a la\xe2\x80\xa6 https://t.co/0cjeKYpvxa',,,1779,794
Andrés Arauz,ecuarauz,Ecuador,55843,Wed Dec 16 17:44:42 +0000 2020,1339265209182150656,"b'Gracias Prefecta @MendezAzuay por su apoyo a un Ecuador con futuro y a un Azuay digno, democr\xc3\xa1tico y con integridad\xe2\x80\xa6 https://t.co/xmWaWeuGjD'",MendezAzuay,,1850,752
Andrés Arauz,ecuarauz,Ecuador,55843,Wed Dec 16 15:17:51 +0000 2020,1339228252863393793,"b'RT @ProgresaLatam: Nuevamente, la oligarqu\xc3\xada del Ecuador quiere dejar fuera de la competencia al #BinomioDeLaEsperanza y suspender las elec\xe2\x80\xa6'",ProgresaLatam,BinomioDeLaEsperanza,0,297
Andrés Arauz,ecuarauz,Ecuador,55843,Wed Dec 16 00:37:43 +0000 2020,1339006760900833282,"b'Estamos primeros en la papeleta, primeros en las encuestas, primeros en tu coraz\xc3\xb3n.\n\nPor eso, quieren suspender y a\xe2\x80\xa6 https://t.co/Ww9m90cVfY'",,,4596,1667
Andrés Arauz,ecuarauz,Ecuador,55843,Tue Dec 15 16:02:54 +0000 2020,1338877201572372481,b'\xc2\xa1Nuestra prioridad es la reactivaci\xc3\xb3n econ\xc3\xb3mica de las familias ecuatorianas con trabajo digno y afiliaci\xc3\xb3n al segu\xe2\x80\xa6 https://t.co/Md1HXR22jk',,,1884,797
Andrés Arauz,ecuarauz,Ecuador,55843,Tue Dec 15 00:47:40 +0000 2020,1338646874778177536,"b'RT @groninty: Para los expertos en reciclaje el ""E-Waste mining"" si puede recuperar m\xc3\xa1s metales que una mina. Ej: Mientras una mina de oro\xe2\x80\xa6'",groninty,,0,760
Andrés Arauz,ecuarauz,Ecuador,55843,Mon Dec 14 23:22:19 +0000 2020,1338625396426887170,"b'RT @ProgIntl: BREAKING: Members of the Debt Justice working group \xe2\x80\x94 including @Jayati1609, @AndresChiriEC, and @MattHGoldmann \xe2\x80\x94 call for a\xe2\x80\xa6'",ProgIntl,,0,95
Yaku Pérez Guartambel,yakuperezg,Cuenca de Guapondelig,57105,Sat Dec 19 23:50:13 +0000 2020,1340444358244507657,b'Ver los colores de nuestra bandera #wiphala en las  manos de la gente de esta hermosa parroquia #Amagua\xc3\xb1a nos llena\xe2\x80\xa6 https://t.co/kehK6w6Zvf',,wiphala,46,14
Yaku Pérez Guartambel,yakuperezg,Cuenca de Guapondelig,57105,Sat Dec 19 00:41:06 +0000 2020,1340094772606844935,"b'Hoy visitamos el sur de esta bella ciudad, donde nos encontramos con nuestros hermanos de los barrios\xe2\x80\xa6 https://t.co/Wn9s86Pts0'",,,63,26
Yaku Pérez Guartambel,yakuperezg,Cuenca de Guapondelig,57105,Fri Dec 18 22:48:32 +0000 2020,1340066447012360192,"b'Te invito a conocer mi historia, vengo del Ecuador profundo y contigo en Minka construiremos el pa\xc3\xads que todos so\xc3\xb1a\xe2\x80\xa6 https://t.co/1XaOumshOO'",,,134,41
Yaku Pérez Guartambel,yakuperezg,Cuenca de Guapondelig,57105,Thu Dec 17 18:08:17 +0000 2020,1339633528712007680,"b'Disfrutar de los productos que nos brinda nuestra tierra es un privilegio, hemos compartido con nuestros herman@s c\xe2\x80\xa6 https://t.co/ON9Q2m9tSE'",,,60,19
Yaku Pérez Guartambel,yakuperezg,Cuenca de Guapondelig,57105,Thu Dec 17 01:27:43 +0000 2020,1339381728385839106,"b'Esta tierra bendecida por su riqueza natural y su gente trabajadora, nos abre sus puertas. #Shushufindi caminaremos\xe2\x80\xa6 https://t.co/vqIPkktDlL'",,Shushufindi,80,19
Yaku Pérez Guartambel,yakuperezg,Cuenca de Guapondelig,57105,Wed Dec 16 19:23:49 +0000 2020,1339290149184794636,b'M\xc3\xa1s comprometidos que nunca para seguir luchando por los derechos de la madre naturaleza y de nuestras fuentes de a\xe2\x80\xa6 https://t.co/O1gGTldmya',,,58,16
Yaku Pérez Guartambel,yakuperezg,Cuenca de Guapondelig,57105,Tue Dec 15 23:54:53 +0000 2020,1338995978385416193,"b'Gracias #Orellana, que lindo es ver como en cada recorrido la gente nos muestra su entusiasmo por esta caravana del\xe2\x80\xa6 https://t.co/VEzRl2KNDL'",,Orellana,87,21
Yaku Pérez Guartambel,yakuperezg,Cuenca de Guapondelig,57105,Tue Dec 15 19:05:12 +0000 2020,1338923077737000967,b'Compartimos con la gente del barrio #ElCisne en el cant\xc3\xb3n #Loreto. Estamos agradecidos por la hospitalidad de nuest\xe2\x80\xa6 https://t.co/HLYvTwEZ3g',,ElCisne,42,11
Yaku Pérez Guartambel,yakuperezg,Cuenca de Guapondelig,57105,Tue Dec 15 03:21:58 +0000 2020,1338685705787224066,"b'De todo coraz\xc3\xb3n agradecido a la gente amable y bendecida de cada barrio y cada cant\xc3\xb3n #ArosemenaTola #SanJorge,\xe2\x80\xa6 https://t.co/8C4WyIKJ9W'",,ArosemenaTola,78,16
Yaku Pérez Guartambel,yakuperezg,Cuenca de Guapondelig,57105,Mon Dec 14 04:30:34 +0000 2020,1338340580221472768,"b'Gracias #Pastaza tierra m\xc3\xa1gica, cuna de la biodiversidad natural y cultural. Agradecidos por la amabilidad de la ge\xe2\x80\xa6 https://t.co/JtGKGY7zfH'",,Pastaza,87,14
Yaku Pérez Guartambel,yakuperezg,Cuenca de Guapondelig,57105,Sun Dec 13 19:30:05 +0000 2020,1338204564273688577,"b'Por la met\xc3\xa1fora de exportar #agua, en una crisis #global de #escasez se me ataca con draconiana punici\xc3\xb3n. Cuando me\xe2\x80\xa6 https://t.co/SZDm663f4r'",,agua,372,70
Yaku Pérez Guartambel,yakuperezg,Cuenca de Guapondelig,57105,Sat Dec 12 15:05:26 +0000 2020,1337775576879394818,b'Drama en las aguas subterr\xc3\xa1neas: 13 de los 37 acu\xc3\xadferos m\xc3\xa1s grandes del planeta se est\xc3\xa1n agotando | iAgua https://t.co/2JtTC4x2ze',,,50,16
Yaku Pérez Guartambel,yakuperezg,Cuenca de Guapondelig,57105,Sat Dec 12 02:15:01 +0000 2020,1337581692794580995,"b'El #agua ni se vende ni se compra, se defiende con #amor, no para el #mercado, no para la chequera sino para el\xe2\x80\xa6 https://t.co/U1WKcweL2Z'",,agua,262,61
Yaku Pérez Guartambel,yakuperezg,Cuenca de Guapondelig,57105,Fri Dec 11 23:26:07 +0000 2020,1337539190217715715,"b'Pueblo querido de #Macas gracias por el gran respaldo y acompa\xc3\xb1arnos en este recorrido, pueblo solidario que se une\xe2\x80\xa6 https://t.co/uYNHTNB9wc'",,Macas,62,11
Yaku Pérez Guartambel,yakuperezg,Cuenca de Guapondelig,57105,Thu Dec 10 19:02:48 +0000 2020,1337110535519805466,b'*Si a algunitos le parece un CIRCO el hablar del agua (que ya se cotiza hasta en la Bolsa de Valores de Wall Street\xe2\x80\xa6 https://t.co/t3Bm1MCDZ1',,,164,32
Yaku Pérez Guartambel,yakuperezg,Cuenca de Guapondelig,57105,Thu Dec 10 18:33:10 +0000 2020,1337103079100063750,b'Gratitud infinita a todos nuestros herman@s de #Yantzaza y #ElPangui pueblos milenarios que han resistido y que se\xe2\x80\xa6 https://t.co/2DHXGZ2yYU',,Yantzaza,57,13
Yaku Pérez Guartambel,yakuperezg,Cuenca de Guapondelig,57105,Thu Dec 10 17:36:27 +0000 2020,1337088805917036545,b'Vamos a defender y luchar por nuestros recursos naturales y mantener el para\xc3\xadso verde que es nuestro querido cant\xc3\xb3n\xe2\x80\xa6 https://t.co/J9oUyujJSI',,,54,14
Yaku Pérez Guartambel,yakuperezg,Cuenca de Guapondelig,57105,Thu Dec 10 11:55:53 +0000 2020,1337003098271870977,b'El agua se empieza a cotizar en el mercado de futuros https://t.co/KfpSQPGXQ8 v\xc3\xada @YouTube',YouTube,,80,16
Yaku Pérez Guartambel,yakuperezg,Cuenca de Guapondelig,57105,Wed Dec 09 19:47:36 +0000 2020,1336759419372236805,b'Elijamos sin miedo. Elijamos un pa\xc3\xads mejor. \n#VieneLoNuevoVieneLoBueno https://t.co/FMKhxOUzj0',,VieneLoNuevoVieneLoBueno,121,44
Yaku Pérez Guartambel,yakuperezg,Cuenca de Guapondelig,57105,Tue Dec 08 22:37:18 +0000 2020,1336439739377922049,"b'La Amazonia nos recibe, hoy en la tierra linda de #Palanda su gente luchadora y trabajadora se compromete a trabaja\xe2\x80\xa6 https://t.co/xkDjaKrrLe'",,Palanda,74,20
Yaku Pérez Guartambel,yakuperezg,Cuenca de Guapondelig,57105,Tue Dec 08 01:20:19 +0000 2020,1336118377383927808,"b'#Loja, la capital musical, cultural y art\xc3\xadstica del Ecuador, hoy con el respaldo de su gente se suma al gran sue\xc3\xb1o\xe2\x80\xa6 https://t.co/XBLBuM7G7h'",,Loja,122,25
Yaku Pérez Guartambel,yakuperezg,Cuenca de Guapondelig,57105,Mon Dec 07 17:05:39 +0000 2020,1335993890214645762,b'Gracias infinitas a nuestros hermanos de la ciudad fronteriza de #Macar\xc3\xa1 que con sus muestras de cari\xc3\xb1o nos hiciero\xe2\x80\xa6 https://t.co/i7dutaHPHH',,Macará,89,14
Yaku Pérez Guartambel,yakuperezg,Cuenca de Guapondelig,57105,Mon Dec 07 01:50:21 +0000 2020,1335763545787682816,"b'Gracias por el inmenso cari\xc3\xb1o de la linda gente de #Catamayo, juntos construiremos un pa\xc3\xads \xf0\x9f\x87\xaa\xf0\x9f\x87\xa8m\xc3\xa1s justo y solidario,\xe2\x80\xa6 https://t.co/O9lfnTehHe'",,Catamayo,92,22
Yaku Pérez Guartambel,yakuperezg,Cuenca de Guapondelig,57105,Sun Dec 06 22:22:38 +0000 2020,1335711271925248004,"b'Herman@s de #SanLucas agradecidos de coraz\xc3\xb3n por su gran apoyo, ratificamos nuestro compromiso para trabajar y luch\xe2\x80\xa6 https://t.co/DQ6fiVpD5N'",,SanLucas,89,21
Yaku Pérez Guartambel,yakuperezg,Cuenca de Guapondelig,57105,Sun Dec 06 21:29:11 +0000 2020,1335697822050488320,"b'#Saraguro, tierra del ma\xc3\xadz, seguimos recorriendo nuestro pa\xc3\xads \xf0\x9f\x87\xaa\xf0\x9f\x87\xa8 y no descansaremos hasta caminar por todas sus cal\xe2\x80\xa6 https://t.co/BtSr6bYGJH'",,Saraguro,49,13
Juan Fernando Velasco,juanfervelasco,Ecuador,913196,Fri Dec 18 19:28:38 +0000 2020,1340016140190400512,"b'Viv\xc3\xad en esta ciudad como migrante hace muchos a\xc3\xb1os. Fue duro y no dej\xc3\xa9 de extra\xc3\xb1ar a mi pa\xc3\xads ni un d\xc3\xada. Hoy, en el\xe2\x80\xa6 https://t.co/a0N71CxaNz'",,,183,24
Juan Fernando Velasco,juanfervelasco,Ecuador,913196,Wed Dec 16 17:14:57 +0000 2020,1339257722173321219,b'Enquistarse en el poder 20 o 50 a\xc3\xb1os? Es en serio?! Lo dice el dinosaurio m\xc3\xa1s joven de la papeleta\n\xf0\x9f\xa6\x96 https://t.co/yNSaPxRWN5',,,156,53
Juan Fernando Velasco,juanfervelasco,Ecuador,913196,Mon Dec 07 16:24:32 +0000 2020,1335983540706611215,b'El pueblo ecuatoriano necesita empleo y oportunidades. Juntos construirenos un pa\xc3\xads pr\xc3\xb3spero y equitativo. \xf0\x9f\x87\xaa\xf0\x9f\x87\xa8 https://t.co/zA1pfBmaVC',,,36,12
Juan Fernando Velasco,juanfervelasco,Ecuador,913196,Sun Dec 06 20:53:25 +0000 2020,1335688819945988096,"b'Recuerdo ese Quito de pocos autos, y helado chino, del churo de la Alameda y las bicis en El Ejido con el Pichincha\xe2\x80\xa6 https://t.co/HjL1OXTiwa'",,,40,5
Juan Fernando Velasco,juanfervelasco,Ecuador,913196,Sat Dec 05 14:27:36 +0000 2020,1335229341354119168,"b'Trabajemos juntos para fortalecer el campo, el agro, el sector productivo.\nEs momento de crear oportunidades para t\xe2\x80\xa6 https://t.co/yFN8t6zCir'",,,32,13
Juan Fernando Velasco,juanfervelasco,Ecuador,913196,Fri Dec 04 14:14:00 +0000 2020,1334863528470122499,b'Fortaleceremos el sector privado para fomentar el empleo. El pa\xc3\xads necesita m\xc3\xa1s producci\xc3\xb3n y los ecuatorianos trabaj\xe2\x80\xa6 https://t.co/oXWtXTXz8k',,,19,2
Juan Fernando Velasco,juanfervelasco,Ecuador,913196,Fri Dec 04 13:42:25 +0000 2020,1334855580020858884,b'En @camicon_ec compartimos nuestro plan de gobierno para sacar adelante al #Ecuador. Es urgente fortalecer el secto\xe2\x80\xa6 https://t.co/n5ZUNAl10Z',camicon_ec,Ecuador,15,0
Juan Fernando Velasco,juanfervelasco,Ecuador,913196,Thu Dec 03 14:32:31 +0000 2020,1334505800992231426,b'Trabajaremos juntos con amor a la patria para que los sue\xc3\xb1os de los ecuatorianos se cumplan.\n\xc2\xa1Seremos un pa\xc3\xads de bi\xe2\x80\xa6 https://t.co/XB0yTCuOAT',,,19,6
Juan Fernando Velasco,juanfervelasco,Ecuador,913196,Thu Dec 03 13:53:23 +0000 2020,1334495954251223040,"b'Somos la propuesta de la unidad, de las oportunidades, del progreso. Esta ma\xc3\xb1ana en @radialvision conversamos sobre\xe2\x80\xa6 https://t.co/KePZW1EtIW'",radialvision,,20,4
Juan Fernando Velasco,juanfervelasco,Ecuador,913196,Thu Dec 03 13:00:52 +0000 2020,1334482735537250304,b'En Radio @RCarrizal961 conversamos sobre nuestra propuesta para generar la transformaci\xc3\xb3n  profunda que necesita el\xe2\x80\xa6 https://t.co/yrNcKELPiD',RCarrizal961,,6,0
Juan Fernando Velasco,juanfervelasco,Ecuador,913196,Wed Dec 02 17:34:34 +0000 2020,1334189226875904000,"b'@bryan2_veliz @Spotify Gracias a ti Bryan! Ha estado duro tu a\xc3\xb1o, veo... \xf0\x9f\x98\x82 Abrazo'",bryan2_veliz,,2,0
Juan Fernando Velasco,juanfervelasco,Ecuador,913196,Tue Dec 01 16:53:32 +0000 2020,1333816511501365248,"b'El sector privado debe recibir mayor respaldo de parte del Estado. Dejemos de poner trabas a los emprendedores, aqu\xe2\x80\xa6 https://t.co/EwqB3kYApt'",,,8,0
Juan Fernando Velasco,juanfervelasco,Ecuador,913196,Tue Dec 01 15:55:09 +0000 2020,1333801819856797698,b'En @m921radio comentamos las medidas que proponemos desde @25_construye para reactivar la econom\xc3\xada del pa\xc3\xads. #JFenMedios \xf0\x9f\x87\xaa\xf0\x9f\x87\xa8',m921radio,JFenMedios,11,2
Juan Fernando Velasco,juanfervelasco,Ecuador,913196,Tue Dec 01 14:55:03 +0000 2020,1333786696953913348,b'Los ecuatorianos se sienten excluidos de las decisiones que se toman en el pa\xc3\xads. Trabajaremos de manera participati\xe2\x80\xa6 https://t.co/NAwEiQEOqk',,,4,0
Juan Fernando Velasco,juanfervelasco,Ecuador,913196,Tue Dec 01 14:54:46 +0000 2020,1333786625453682691,"b'El Estado debe garantizar derechos, respaldar a los emprendedores y brindar oportunidades para todo el pueblo ecuatoriano. #JFenMedios \xf0\x9f\x87\xaa\xf0\x9f\x87\xa8'",,JFenMedios,5,0
Juan Fernando Velasco,juanfervelasco,Ecuador,913196,Tue Dec 01 14:54:21 +0000 2020,1333786521598455808,b'En @LaRadioAsamblea comentamos sobre las medidas que tomaremos para fortalecer el empleo en el pa\xc3\xads. #JFenMedios \xf0\x9f\x87\xaa\xf0\x9f\x87\xa8',LaRadioAsamblea,JFenMedios,10,2
Juan Fernando Velasco,juanfervelasco,Ecuador,913196,Tue Dec 01 13:22:04 +0000 2020,1333763297481531392,"b'Nuestro proyecto es una alternativa nueva, diferente. Dejemos a un lado las posturas radicales. Construyamos en uni\xe2\x80\xa6 https://t.co/8wVGA0zXsI'",,,6,1
Juan Fernando Velasco,juanfervelasco,Ecuador,913196,Tue Dec 01 13:20:22 +0000 2020,1333762867359870978,b'El Estado debe ser un promotor de trabajo y emprendimiento. Trabajaremos para fortalecer los peque\xc3\xb1os y medianos negocios. #JFenMedios \xf0\x9f\x87\xaa\xf0\x9f\x87\xa8',,JFenMedios,6,1
Juan Fernando Velasco,juanfervelasco,Ecuador,913196,Tue Dec 01 13:09:17 +0000 2020,1333760077183016961,b'En #SonoOndaNoticias comentamos nuestra propuesta para reactivar  la econom\xc3\xada del pa\xc3\xads. Es importante fortalecer el\xe2\x80\xa6 https://t.co/jEm6KCjfYH',,SonoOndaNoticias,7,1
Juan Fernando Velasco,juanfervelasco,Ecuador,913196,Tue Dec 01 04:19:45 +0000 2020,1333626816574222336,b'Martes | Conoce las propuestas y plan de gobierno que tenemos para construir un nuevo Ecuador. No te lo pierdas.\xe2\x80\xa6 https://t.co/Z0a1MPXWDp',,,11,1
Juan Fernando Velasco,juanfervelasco,Ecuador,913196,Tue Dec 01 00:28:48 +0000 2020,1333568695122223105,b'Nuestro compromiso es trabajar junto a la ciudadan\xc3\xada y generar oportunidades para todos los ecuatorianos. \nOlvidemo\xe2\x80\xa6 https://t.co/OpmH68Apw7',,,24,11
Juan Fernando Velasco,juanfervelasco,Ecuador,913196,Mon Nov 30 16:01:19 +0000 2020,1333440984454197249,"b'La salud y la educaci\xc3\xb3n no pueden tener m\xc3\xa1s recortes, hay que optimizar cada d\xc3\xb3lar. Trabajaremos para que nuestros\xe2\x80\xa6 https://t.co/HLs1inOb7I'",,,5,0
Juan Fernando Velasco,juanfervelasco,Ecuador,913196,Mon Nov 30 16:00:46 +0000 2020,1333440846667132929,"b'Hay que mirar hacia el futuro, la gente est\xc3\xa1 cansada de la forma de hacer pol\xc3\xadtica en el pa\xc3\xads. Vamos a construir un\xe2\x80\xa6 https://t.co/lDR6JYe5Q5'",,,6,0
Juan Fernando Velasco,juanfervelasco,Ecuador,913196,Mon Nov 30 16:00:25 +0000 2020,1333440759798910978,b'Lo fundamental de un presidente pasa por la capacidad de darse cuenta de lo que necesita la gente. Los ecuatorianos\xe2\x80\xa6 https://t.co/h3Pk9Wo79E',,,0,0
Juan Fernando Velasco,juanfervelasco,Ecuador,913196,Mon Nov 30 16:00:09 +0000 2020,1333440689783312385,"b'No soy pol\xc3\xadtico, busco cambiar mi pa\xc3\xads. Quiero ser un promotor de trabajo y oportunidades para todos los ecuatorianos. #JFenMedios \xf0\x9f\x87\xaa\xf0\x9f\x87\xa8'",,JFenMedios,0,0
Xavier Hervas,xhervas,"Quito, Ecuador",5147,Sun Dec 20 14:13:01 +0000 2020,1340661486163779586,b'Faltan 2 d\xc3\xadas para el D\xc3\x8dA \xe2\x9d\x8c\n\nVamos a dejar de ser #invisibles \xf0\x9f\x92\xaa\n\n\xc2\xa1Con\xc3\xa9ctate!\n\nhttps://t.co/E1bARJdOKh\n\n\xf0\x9f\x97\x93\xef\xb8\x8f22-12-2020\xe2\x80\xa6 https://t.co/wHrM8iQKqz',,invisibles,3,1
Xavier Hervas,xhervas,"Quito, Ecuador",5147,Sun Dec 20 14:10:18 +0000 2020,1340660805268873218,"b'@paulrivert 2) el CNE no te da dinero, son cupos para pauta en medios, y de hecho algunos como Teleamazonas no acep\xe2\x80\xa6 https://t.co/2Q5TZ1tH71'",paulrivert,,1,0
Xavier Hervas,xhervas,"Quito, Ecuador",5147,Sun Dec 20 13:10:18 +0000 2020,1340645705954803713,"b'@paulrivert Estimados, con gusto respondo sus comentarios: 1) S\xc3\xad me preocupa la falta de liderazgo en Quito, pero m\xe2\x80\xa6 https://t.co/UTBpXWoQTK'",paulrivert,,2,0
Xavier Hervas,xhervas,"Quito, Ecuador",5147,Sun Dec 20 13:07:14 +0000 2020,1340644932328038411,"b'@holgerbermeo @Jotaefel Estimado, yo no me resigno. Nuestro Pa\xc3\xads merece una conducci\xc3\xb3n mejor, los pol\xc3\xadticos tradici\xe2\x80\xa6 https://t.co/ET4Mbyzoyq'",holgerbermeo,,0,0
Xavier Hervas,xhervas,"Quito, Ecuador",5147,Sun Dec 20 00:20:00 +0000 2020,1340451851955793921,"b'@MrCamiloDiaz Duele tanta inequidad, y duele el doble sabiendo que somos un pa\xc3\xads tan rico, empobrecido por los pol\xc3\xad\xe2\x80\xa6 https://t.co/L1bYNRZxS2'",MrCamiloDiaz,,0,0
Xavier Hervas,xhervas,"Quito, Ecuador",5147,Sun Dec 20 00:19:24 +0000 2020,1340451699874521088,"b'@MrCamiloDiaz De hecho lo hacemos. Te invito que revises nuestro plan de gobierno, te mando el link:\xe2\x80\xa6 https://t.co/gBmjwaczA2'",MrCamiloDiaz,,1,0
Xavier Hervas,xhervas,"Quito, Ecuador",5147,Sun Dec 20 00:16:19 +0000 2020,1340450923185893377,b'AGENDA DE MEDIOS | \nComparto con ustedes la #AgendaDeMedios que cumplir\xc3\xa9 ma\xc3\xb1ana domingo 20 de dic.\n\n\xc2\xa1Sinton\xc3\xadzanos!\xe2\x80\xa6 https://t.co/KTIAbCRoms',,AgendaDeMedios,33,4
Xavier Hervas,xhervas,"Quito, Ecuador",5147,Sat Dec 19 20:21:48 +0000 2020,1340391907147608066,b'@titoyepezliut @mrjohnkeating De acuerdo. Lo he dicho muchas veces. Yo nunca permitir\xc3\xa9 que mis creencias personales\xe2\x80\xa6 https://t.co/USdERojnUn',titoyepezliut,,3,0
Xavier Hervas,xhervas,"Quito, Ecuador",5147,Sat Dec 19 17:34:10 +0000 2020,1340349720980566016,"b'Lamento mucho esta noticia. El #COVID19 no es juego, y hay cosas que est\xc3\xa1n m\xc3\xa1s all\xc3\xa1 de las diferencias pol\xc3\xadticas. M\xe2\x80\xa6 https://t.co/68N6JI9NNW'",,COVID19,149,12
Xavier Hervas,xhervas,"Quito, Ecuador",5147,Sat Dec 19 17:12:31 +0000 2020,1340344271795314690,b'\xc2\xbfPREPARADO PARA EL D\xc3\x8dA \xe2\x9d\x8c?\n\n\xc2\xa1Faltan solo 3 d\xc3\xadas! \xf0\x9f\x94\xa5\n\nVamos a dejar de ser #invisibles \xf0\x9f\x92\xaa\n\n\xc2\xa1Con\xc3\xa9ctate!\n\n\xf0\x9f\x97\x93\xef\xb8\x8f22-12-2020\xe2\x80\xa6 https://t.co/YbLzT4poyF',,invisibles,22,6
Xavier Hervas,xhervas,"Quito, Ecuador",5147,Sat Dec 19 17:04:01 +0000 2020,1340342131668504576,b'Una conversaci\xc3\xb3n amena.  No se la pierdan!! https://t.co/rUdqMmEkfQ',,,19,2
Xavier Hervas,xhervas,"Quito, Ecuador",5147,Sat Dec 19 17:00:32 +0000 2020,1340341255352569857,"b'RT @daanelalejandro: Y como @ysncpp cumple, la nueva temporada trajo nuestro primer invitado, el se\xc3\xb1or @xhervas. Si quieres o\xc3\xadr como le pre\xe2\x80\xa6'",daanelalejandro,,0,4
Xavier Hervas,xhervas,"Quito, Ecuador",5147,Sat Dec 19 16:41:42 +0000 2020,1340336517114376198,b'Muchas gracias por la invitaci\xc3\xb3n! https://t.co/gEmFGZYyzz',,,11,0
Xavier Hervas,xhervas,"Quito, Ecuador",5147,Sat Dec 19 16:41:20 +0000 2020,1340336423065579523,"b'RT @politikcorrecta: Este domingo @XimenaPenaP, @juanfervelasco y @xhervas contestar\xc3\xa1n sus preguntas en la primera emisi\xc3\xb3n de #Pol\xc3\xadticament\xe2\x80\xa6'",politikcorrecta,,0,9
Xavier Hervas,xhervas,"Quito, Ecuador",5147,Sat Dec 19 15:11:34 +0000 2020,1340313833823498241,"b'@NerisAlavaG En casos de violaci\xc3\xb3n o cuando corra peligro la vida de la madre, s\xc3\xad.'",NerisAlavaG,,0,0
Xavier Hervas,xhervas,"Quito, Ecuador",5147,Sat Dec 19 14:06:33 +0000 2020,1340297474028744705,b'No se lo pierdan! https://t.co/Joni4nTHYc',,,42,8
Xavier Hervas,xhervas,"Quito, Ecuador",5147,Sat Dec 19 04:12:51 +0000 2020,1340148061339852800,b'RT @ArtetaFede: @yakuperezg Ven\xc3\xada con fuerza y se apag\xc3\xb3... Alvarito lo pasmo. Ya solo queda Xavier Hervas como outsider verdadero.',ArtetaFede,,0,3
Xavier Hervas,xhervas,"Quito, Ecuador",5147,Sat Dec 19 04:12:05 +0000 2020,1340147869517565954,"b'RT @sebastianngm: A mi me pone contento que @xhervas use TikTok. Acerca la pol\xc3\xadtica a los j\xc3\xb3venes, nos los invisibiliza. Adem\xc3\xa1s, tiene un p\xe2\x80\xa6'",sebastianngm,,0,9
Xavier Hervas,xhervas,"Quito, Ecuador",5147,Sat Dec 19 04:08:44 +0000 2020,1340147025099321344,"b'RT @Martinminguchi: En #TikTok, @xhervas le gan\xc3\xb3 por nocaut a @ecuarauz . Aqu\xc3\xad una lectura de esa \xc3\xa9pica batalla y otras breves electorales\xe2\x80\xa6'",Martinminguchi,TikTok,0,28
Xavier Hervas,xhervas,"Quito, Ecuador",5147,Fri Dec 18 22:54:47 +0000 2020,1340068019570139136,b'#XavierHervasPresidente\xf0\x9f\x87\xaa\xf0\x9f\x87\xa8\n#Atr\xc3\xa9vete #SomosGenteNueva https://t.co/7YWjXPwg3i',,XavierHervasPresidente,48,6
Xavier Hervas,xhervas,"Quito, Ecuador",5147,Fri Dec 18 21:42:47 +0000 2020,1340049899631611909,b'@carlosjijon @profit70 @larepublica_ec y generar las oportunidades de las que yo he gozado para aquellas personas q\xe2\x80\xa6 https://t.co/4TNKdFml3w',carlosjijon,,3,0
Xavier Hervas,xhervas,"Quito, Ecuador",5147,Fri Dec 18 21:42:09 +0000 2020,1340049740990431233,b'@carlosjijon @profit70 @larepublica_ec Como empresario s\xc3\xa9 c\xc3\xb3mo salir adelante administrando en la escasez. Asum\xc3\xad el\xe2\x80\xa6 https://t.co/XFy67wsV23',carlosjijon,,3,0
Xavier Hervas,xhervas,"Quito, Ecuador",5147,Fri Dec 18 21:41:56 +0000 2020,1340049687106236416,b'@carlosjijon @profit70 @larepublica_ec Toda mi vida he estado alejado de la pol\xc3\xadtica porque me he dedicado a produc\xe2\x80\xa6 https://t.co/pBzo7sqYAL',carlosjijon,,2,0
Xavier Hervas,xhervas,"Quito, Ecuador",5147,Fri Dec 18 21:41:41 +0000 2020,1340049623575085057,"b'@carlosjijon @profit70 @larepublica_ec Con mucho gusto me presento. Soy Xavier Hervas, tengo 48 a\xc3\xb1os. Soy ingeniero\xe2\x80\xa6 https://t.co/ERotYvUr4w'",carlosjijon,,5,0
Xavier Hervas,xhervas,"Quito, Ecuador",5147,Fri Dec 18 19:34:23 +0000 2020,1340017584582877185,b'@JorgeAn89817941 Con mucho gusto. Si puedes pasarme tus datos por interno para contactarnos.',JorgeAn89817941,,1,0
Paul Ernesto Carrasco,PaulCarrascoC,"Quito, Ecuador",142536,Mon Nov 16 18:36:44 +0000 2020,1328406667881541634,b'El pueblo de Azuay pierde a uno de sus hijos predilectos. Conocedor amplio de la ruralidad y con el latido del cora\xe2\x80\xa6 https://t.co/luz5QY8QrZ',,,55,6
Paul Ernesto Carrasco,PaulCarrascoC,"Quito, Ecuador",142536,Sat Nov 14 02:28:21 +0000 2020,1327438188978298883,"b'@plopezperalvo @eluniversocom Pedrito apreciado soy Pa\xc3\xbal, su comentario merece todo el respeto de mi parte, sin emb\xe2\x80\xa6 https://t.co/EcXcsFirOU'",plopezperalvo,,0,0
Paul Ernesto Carrasco,PaulCarrascoC,"Quito, Ecuador",142536,Sat Nov 14 02:27:17 +0000 2020,1327437919427194881,"b'@vsm0473 @eluniversocom Apreciado VSM, un gusto saludarlo, su comentario es muy respetable y no lo discutir\xc3\xa9. Su pa\xe2\x80\xa6 https://t.co/n08jvZhflB'",vsm0473,,1,0
Paul Ernesto Carrasco,PaulCarrascoC,"Quito, Ecuador",142536,Sat Nov 14 02:16:01 +0000 2020,1327435084526456839,"b'@kenycaza @eluniversocom Muchas gracias por contestar. Le ruego, si entra a la p\xc3\xa1gina y me dice que le parece, por\xe2\x80\xa6 https://t.co/NI17SVjl6B'",kenycaza,,0,0
Paul Ernesto Carrasco,PaulCarrascoC,"Quito, Ecuador",142536,Sat Nov 14 01:48:36 +0000 2020,1327428183734489088,"b'@MarioHSuarezV1 @eluniversocom Marito apreciado, su opini\xc3\xb3n es muy respetable y no la discutir\xc3\xa9 nunca, NO VOTE POR\xe2\x80\xa6 https://t.co/Q24WsceH8B'",MarioHSuarezV1,,0,0
Paul Ernesto Carrasco,PaulCarrascoC,"Quito, Ecuador",142536,Sat Nov 14 01:47:19 +0000 2020,1327427864011141121,"b'@crespomed @eluniversocom Apreciado jcrespo un privilegio poder escribirle, quiz\xc3\xa1s solo voten mis familiares, lo de\xe2\x80\xa6 https://t.co/yUHUfe8yuO'",crespomed,,0,0
Paul Ernesto Carrasco,PaulCarrascoC,"Quito, Ecuador",142536,Sat Nov 14 01:46:49 +0000 2020,1327427736462356480,"b'@kenycaza @eluniversocom Apreciado Kenny, c\xc3\xb3mo est\xc3\xa1? le cuento que dejamos miles de originales con firma y c\xc3\xa9dula p\xe2\x80\xa6 https://t.co/g6ApDxXqWt'",kenycaza,,0,0
Paul Ernesto Carrasco,PaulCarrascoC,"Quito, Ecuador",142536,Sat Nov 14 01:46:22 +0000 2020,1327427623119704064,"b'@mirnapatriciafr @eluniversocom Que gusto poder contestarle con todo el respeto que se merece Mirfa, yo defiendo su\xe2\x80\xa6 https://t.co/xOgSPdG8kx'",mirnapatriciafr,,0,0
Paul Ernesto Carrasco,PaulCarrascoC,"Quito, Ecuador",142536,Sat Nov 14 01:38:12 +0000 2020,1327425566652428289,"b'@Alexand04290941 @eluniversocom Apreciada Alexandra, un respetuoso saludo, respeto much\xc3\xadsimo su comentario, tanto q\xe2\x80\xa6 https://t.co/w0JL0cCO9F'",Alexand04290941,,0,0
Paul Ernesto Carrasco,PaulCarrascoC,"Quito, Ecuador",142536,Sun Sep 20 02:29:58 +0000 2020,1307507264669077506,"b'Hermano del alma, con vos se va parte de la sonrisa irreverente, la chispa, la voz de la gente. Se va parte de Cuen\xe2\x80\xa6 https://t.co/mEeBwdB4IH'",,,35,2
Paul Ernesto Carrasco,PaulCarrascoC,"Quito, Ecuador",142536,Sun Jul 19 18:26:07 +0000 2020,1284917452623749120,b'Hace falta much\xc3\xadsimo m\xc3\xa1s para sacarle del juego al Ecuador. La injusticia se vence cuando nos unimos. Juntos Podemos https://t.co/nvUg90dTAk',,,25,15
Paul Ernesto Carrasco,PaulCarrascoC,"Quito, Ecuador",142536,Sun Jul 19 18:10:40 +0000 2020,1284913561425281025,"b'RT @miguelpescado: @PabloPonce @CarlosVerareal @PaulCarrascoC Incre\xc3\xadble que tengamos que defender un derecho tan fundamental, en una democr\xe2\x80\xa6'",miguelpescado,,0,2
Paul Ernesto Carrasco,PaulCarrascoC,"Quito, Ecuador",142536,Sun Jul 19 17:15:58 +0000 2020,1284899795912581121,"b'RT @CarlosVerareal: Cuadro PRUEBA\xe2\x80\x9derror\xe2\x80\x9dde la Contralor\xc3\xada respecto a PODEMOS,el movimiento de \xe2\x81\xa6@PaulCarrascoC: \xe2\x80\x9canalizaron\xe2\x80\x9d161.000 firmas c\xe2\x80\xa6'",CarlosVerareal,,0,30
Paul Ernesto Carrasco,PaulCarrascoC,"Quito, Ecuador",142536,Sun Jul 19 17:14:28 +0000 2020,1284899418047754240,b'@Abuelito11 @CarlosVerareal EN EL DOCUMENTO OFICIAL DE CONTEO Y REGISTRO OFICIAL DE VIDA JURIDICA',Abuelito11,,4,0
Paul Ernesto Carrasco,PaulCarrascoC,"Quito, Ecuador",142536,Wed Jul 15 01:35:30 +0000 2020,1283213570864488450,b'RT @Manuelmatasegu1: @CarlosVerareal @PaulCarrascoC @aldia_opinionec @MaxTVonline_EC @tvcable Fuerzas ing',Manuelmatasegu1,,0,1
Paul Ernesto Carrasco,PaulCarrascoC,"Quito, Ecuador",142536,Tue Jul 14 12:51:07 +0000 2020,1283021206812340224,"b'Al d\xc3\xada, entrevista con Carlos Vera. https://t.co/wE7e8dfrpf'",,,20,11
Paul Ernesto Carrasco,PaulCarrascoC,"Quito, Ecuador",142536,Tue Jul 14 12:48:38 +0000 2020,1283020580011286529,b'RT @CarlosVerareal: \xe2\x80\x9c\xc2\xa1Hay una jugada para victimizar a Correa y que entre en la primera vuelta!\xe2\x80\x9d:@PaulCarrascoC en @aldia_opinionec con @ca\xe2\x80\xa6',CarlosVerareal,,0,14
Paul Ernesto Carrasco,PaulCarrascoC,"Quito, Ecuador",142536,Wed Jul 08 00:10:40 +0000 2020,1280655503035633665,b'RT @mercurioec: Ma\xc3\xb1ana en nuestra agenda de entrevistas: a las 10 am conversaremos con @PaulCarrascoC sobre las recientes decisiones del @c\xe2\x80\xa6',PaulCarrascoC,,0,4
Paul Ernesto Carrasco,PaulCarrascoC,"Quito, Ecuador",142536,Wed Jul 08 00:10:34 +0000 2020,1280655480969474050,"b'RT @radialvision: En #Di\xc3\xa1logoDirecto conversaremos con el Ing. @PaulCarrascoC, Ex Prefecto del Azuay, sobre denuncia al Tribunal Contencios\xe2\x80\xa6'",radialvision,DiálogoDirecto,0,3
Paul Ernesto Carrasco,PaulCarrascoC,"Quito, Ecuador",142536,Mon Jul 06 23:19:08 +0000 2020,1280280150135975936,b'https://t.co/xlKjJAFo5B',,,46,13
Paul Ernesto Carrasco,PaulCarrascoC,"Quito, Ecuador",142536,Mon Jul 06 17:07:41 +0000 2020,1280186669799403520,b'https://t.co/s30xFCpOnk en Carcel\xc3\xa9n. Presentando alegatos que sostienen a nuestra democracia. En la Casa de la Just\xe2\x80\xa6 https://t.co/bJl0bwNHBn',,,7,3
Paul Ernesto Carrasco,PaulCarrascoC,"Quito, Ecuador",142536,Mon Jul 06 16:19:25 +0000 2020,1280174522986045440,b'https://t.co/NaVMoBaF1t',,,8,2
Paul Ernesto Carrasco,PaulCarrascoC,"Quito, Ecuador",142536,Mon Jul 06 16:14:46 +0000 2020,1280173353312100353,"b'En vivo desde La Casa de la Justicia, en Carcel\xc3\xa9n, Quito. En la audiencia donde el juez conocer\xc3\xa1 nuestros alegatos.\xe2\x80\xa6 https://t.co/tBRBcPDmcU'",,,38,8
Paul Ernesto Carrasco,PaulCarrascoC,"Quito, Ecuador",142536,Sat Jul 04 13:25:04 +0000 2020,1279405872943431682,"b'Hoy a las 17h00. A trav\xc3\xa9s de la se\xc3\xb1al de Juntos, hospital en l\xc3\xadnea en FaceBook. Atenci\xc3\xb3n m\xc3\xa9dica en vivo, motivaci\xc3\xb3n\xe2\x80\xa6 https://t.co/TbW57nAEe2'",,,15,2
Paul Ernesto Carrasco,PaulCarrascoC,"Quito, Ecuador",142536,Tue Jun 30 20:40:34 +0000 2020,1278065916731949060,b'RT @QuinRuales: #SafaCeli todo el apoyo desde El Oro  #JuntosPodemos  @PaulCarrascoC https://t.co/43JSw8tg46',QuinRuales,SafaCeli,0,1
